{
    "metrics": {
        "http_req_tls_handshaking": {
            "med": 0,
            "max": 0,
            "p(90)": 0,
            "p(95)": 0,
            "avg": 0,
            "min": 0
        },
        "http_req_waiting": {
            "avg": 367.07077287342923,
            "min": 48.936,
            "med": 363.725,
            "max": 1090.737,
            "p(90)": 561.262,
            "p(95)": 592.602
        },
        "http_req_duration": {
            "med": 382.116,
            "max": 1112.026,
            "p(90)": 583.668,
            "p(95)": 615.302,
            "avg": 385.10806167787194,
            "min": 60.642
        },
        "http_req_blocked": {
            "avg": 0.026093247588425184,
            "min": 0.001,
            "med": 0.003,
            "max": 2.433,
            "p(90)": 0.007,
            "p(95)": 0.008
        },
        "http_req_sending": {
            "avg": 0.014456591639871598,
            "min": 0.003,
            "med": 0.012,
            "max": 0.661,
            "p(90)": 0.024,
            "p(95)": 0.027
        },
        "iteration_duration": {
            "avg": 885.5045475659165,
            "min": 561.228625,
            "med": 882.446958,
            "max": 1612.251625,
            "p(90)": 1083.837833,
            "p(95)": 1115.894166
        },
        "http_req_failed": {
            "passes": 0,
            "fails": 3421,
            "value": 0
        },
        "data_sent": {
            "count": 437888,
            "rate": 7166.124716702022
        },
        "vus_max": {
            "value": 50,
            "min": 50,
            "max": 50
        },
        "http_req_duration{expected_response:true}": {
            "med": 382.116,
            "max": 1112.026,
            "p(90)": 583.668,
            "p(95)": 615.302,
            "avg": 385.10806167787194,
            "min": 60.642
        },
        "http_req_connecting": {
            "min": 0,
            "med": 0,
            "max": 1.268,
            "p(90)": 0,
            "p(95)": 0,
            "avg": 0.015122478807366268
        },
        "iterations": {
            "count": 3421,
            "rate": 55.985349349234546
        },
        "http_req_receiving": {
            "min": 6.796,
            "med": 17.742,
            "max": 104.04,
            "p(90)": 24.019,
            "p(95)": 25.972,
            "avg": 18.02283221280329
        },
        "data_received": {
            "count": 3693018593,
            "rate": 60436988.03926443
        },
        "vus": {
            "value": 9,
            "min": 9,
            "max": 50
        },
        "http_reqs": {
            "rate": 55.985349349234546,
            "count": 3421
        }
    },
    "root_group": {
        "groups": {},
        "checks": {},
        "name": "",
        "path": "",
        "id": "d41d8cd98f00b204e9800998ecf8427e"
    }
}