{
    "metrics": {
        "http_req_sending": {
            "min": 0.005,
            "med": 0.016,
            "max": 0.412,
            "p(90)": 0.046,
            "p(95)": 0.081,
            "avg": 0.029298333333333336
        },
        "http_req_blocked": {
            "min": 0.002,
            "med": 0.006,
            "max": 2.094,
            "p(90)": 0.017,
            "p(95)": 0.037,
            "avg": 0.06003166666666715
        },
        "http_req_waiting": {
            "p(90)": 25.665399999999998,
            "p(95)": 46.37619999999969,
            "avg": 20.27066,
            "min": 4.319,
            "med": 14.775,
            "max": 184.515
        },
        "iterations": {
            "count": 600,
            "rate": 9.893006149195832
        },
        "http_req_duration{expected_response:true}": {
            "med": 15.0565,
            "max": 184.658,
            "p(90)": 26.0314,
            "p(95)": 46.70049999999969,
            "avg": 20.557121666666657,
            "min": 4.425
        },
        "data_sent": {
            "rate": 1098.1236825607375,
            "count": 66600
        },
        "http_req_tls_handshaking": {
            "p(95)": 0,
            "avg": 0,
            "min": 0,
            "med": 0,
            "max": 0,
            "p(90)": 0
        },
        "http_req_receiving": {
            "avg": 0.25716333333333313,
            "min": 0.017,
            "med": 0.1585,
            "max": 7.397,
            "p(90)": 0.4838000000000001,
            "p(95)": 0.6345499999999997
        },
        "data_received": {
            "count": 250800,
            "rate": 4135.276570363858
        },
        "http_reqs": {
            "count": 600,
            "rate": 9.893006149195832
        },
        "vus": {
            "max": 20,
            "value": 20,
            "min": 20
        },
        "http_req_connecting": {
            "avg": 0.01842833333333333,
            "min": 0,
            "med": 0,
            "max": 0.729,
            "p(90)": 0,
            "p(95)": 0
        },
        "vus_max": {
            "value": 20,
            "min": 20,
            "max": 20
        },
        "iteration_duration": {
            "p(95)": 2047.1435434499997,
            "avg": 2021.439837014999,
            "min": 2004.897083,
            "med": 2016.1296455000002,
            "max": 2185.337208,
            "p(90)": 2027.0751
        },
        "http_req_failed": {
            "passes": 0,
            "fails": 600,
            "value": 0
        },
        "http_req_duration": {
            "avg": 20.557121666666657,
            "min": 4.425,
            "med": 15.0565,
            "max": 184.658,
            "p(90)": 26.0314,
            "p(95)": 46.70049999999969
        }
    },
    "root_group": {
        "id": "d41d8cd98f00b204e9800998ecf8427e",
        "groups": {},
        "checks": {},
        "name": "",
        "path": ""
    }
}