{
    "metrics": {
        "http_req_duration{expected_response:true}": {
            "avg": 6.174744957983171,
            "min": 0.274,
            "med": 3.3994999999999997,
            "max": 179.527,
            "p(90)": 7.799300000000001,
            "p(95)": 10.379199999999999
        },
        "http_req_receiving": {
            "max": 48.112,
            "p(90)": 1.0153,
            "p(95)": 1.7612999999999992,
            "avg": 0.5386911764705881,
            "min": 0.013,
            "med": 0.213
        },
        "vus_max": {
            "value": 20,
            "min": 20,
            "max": 20
        },
        "data_sent": {
            "rate": 3235.866854922622,
            "count": 195160
        },
        "http_reqs": {
            "count": 2380,
            "rate": 39.461790913690514
        },
        "http_req_blocked": {
            "p(95)": 0.016,
            "avg": 0.034904201680672445,
            "min": 0.002,
            "med": 0.005,
            "max": 4.182,
            "p(90)": 0.013
        },
        "checks": {
            "passes": 2380,
            "fails": 0,
            "value": 1
        },
        "data_received": {
            "rate": 24472.610988566776,
            "count": 1475980
        },
        "iterations": {
            "count": 2380,
            "rate": 39.461790913690514
        },
        "http_req_failed": {
            "passes": 0,
            "fails": 2380,
            "value": 0
        },
        "http_req_sending": {
            "min": 0.005,
            "med": 0.014,
            "max": 3.016,
            "p(90)": 0.038,
            "p(95)": 0.08809999999999979,
            "avg": 0.032935714285714505
        },
        "vus": {
            "value": 20,
            "min": 20,
            "max": 20
        },
        "http_req_tls_handshaking": {
            "med": 0,
            "max": 0,
            "p(90)": 0,
            "p(95)": 0,
            "avg": 0,
            "min": 0
        },
        "http_req_duration": {
            "avg": 6.174744957983171,
            "min": 0.274,
            "med": 3.3994999999999997,
            "max": 179.527,
            "p(90)": 7.799300000000001,
            "p(95)": 10.379199999999999
        },
        "iteration_duration": {
            "avg": 506.7820220487396,
            "min": 500.447208,
            "med": 504.019771,
            "max": 682.553708,
            "p(90)": 508.3342455,
            "p(95)": 511.2034809
        },
        "http_req_connecting": {
            "med": 0,
            "max": 3.957,
            "p(90)": 0,
            "p(95)": 0,
            "avg": 0.017078991596638657,
            "min": 0
        },
        "http_req_waiting": {
            "avg": 5.603118067226902,
            "min": 0.219,
            "med": 2.934,
            "max": 179.042,
            "p(90)": 7.0914,
            "p(95)": 9.547899999999998
        }
    },
    "root_group": {
        "groups": {},
        "checks": {
                "status 200": {
                    "name": "status 200",
                    "path": "::status 200",
                    "id": "fad9fa412b86fcb03bee97c80dcd61f1",
                    "passes": 2380,
                    "fails": 0
                }
            },
        "name": "",
        "path": "",
        "id": "d41d8cd98f00b204e9800998ecf8427e"
    }
}