{
    "root_group": {
        "name": "",
        "path": "",
        "id": "d41d8cd98f00b204e9800998ecf8427e",
        "groups": {},
        "checks": {
                "status 200": {
                    "passes": 11805,
                    "fails": 0,
                    "name": "status 200",
                    "path": "::status 200",
                    "id": "fad9fa412b86fcb03bee97c80dcd61f1"
                }
            }
    },
    "metrics": {
        "http_req_waiting": {
            "max": 254.097,
            "p(90)": 17.821,
            "p(95)": 23.82899999999998,
            "avg": 9.166184667513773,
            "min": 0.904,
            "med": 6.01
        },
        "data_sent": {
            "count": 968010,
            "rate": 16004.615895170584
        },
        "http_req_failed": {
            "passes": 0,
            "fails": 11805,
            "value": 0
        },
        "http_req_tls_handshaking": {
            "max": 0,
            "p(90)": 0,
            "p(95)": 0,
            "avg": 0,
            "min": 0,
            "med": 0
        },
        "iterations": {
            "count": 11805,
            "rate": 195.17824262403153
        },
        "vus": {
            "value": 100,
            "min": 100,
            "max": 100
        },
        "http_reqs": {
            "rate": 195.17824262403153,
            "count": 11805
        },
        "http_req_sending": {
            "min": 0.002,
            "med": 0.011,
            "max": 4.945,
            "p(90)": 0.026,
            "p(95)": 0.038,
            "avg": 0.01837806014400666
        },
        "checks": {
            "passes": 11805,
            "fails": 0,
            "value": 1
        },
        "http_req_duration": {
            "p(90)": 17.927,
            "p(95)": 23.913599999999988,
            "avg": 9.255789411266427,
            "min": 0.937,
            "med": 6.099,
            "max": 254.145
        },
        "http_req_blocked": {
            "p(90)": 0.009,
            "p(95)": 0.014,
            "avg": 0.034385938161793535,
            "min": 0.001,
            "med": 0.004,
            "max": 5.176
        },
        "http_req_connecting": {
            "avg": 0.01890072003388395,
            "min": 0,
            "med": 0,
            "max": 2.356,
            "p(90)": 0,
            "p(95)": 0
        },
        "vus_max": {
            "max": 100,
            "value": 100,
            "min": 100
        },
        "http_req_receiving": {
            "max": 17.705,
            "p(90)": 0.106,
            "p(95)": 0.154,
            "avg": 0.07122668360863965,
            "min": 0.007,
            "med": 0.042
        },
        "data_received": {
            "rate": 274842.37930891727,
            "count": 16623340
        },
        "iteration_duration": {
            "avg": 509.7092356968213,
            "min": 501.021417,
            "med": 506.580916,
            "max": 755.205625,
            "p(90)": 518.1264422,
            "p(95)": 524.2503832
        },
        "http_req_duration{expected_response:true}": {
            "avg": 9.255789411266427,
            "min": 0.937,
            "med": 6.099,
            "max": 254.145,
            "p(90)": 17.927,
            "p(95)": 23.913599999999988
        }
    }
}