{
    "root_group": {
        "name": "",
        "path": "",
        "id": "d41d8cd98f00b204e9800998ecf8427e",
        "groups": {},
        "checks": {}
    },
    "metrics": {
        "http_req_waiting": {
            "avg": 12511.52575555555,
            "min": 7692.568,
            "med": 12690.114,
            "max": 16758.672,
            "p(90)": 16554.483500000002,
            "p(95)": 16607.403599999998
        },
        "data_received": {
            "count": 142621560,
            "rate": 2071746.4592399818
        },
        "http_req_duration": {
            "avg": 12551.274344444446,
            "min": 7788.33,
            "med": 12721.085,
            "max": 16785.443,
            "p(90)": 16579.974599999998,
            "p(95)": 16634.5243
        },
        "http_req_failed": {
            "passes": 0,
            "fails": 90,
            "value": 0
        },
        "http_req_sending": {
            "avg": 0.24392222222222226,
            "min": 0.007,
            "med": 0.0465,
            "max": 7.25,
            "p(90)": 0.2906,
            "p(95)": 0.37829999999999964
        },
        "vus": {
            "value": 10,
            "min": 10,
            "max": 20
        },
        "vus_max": {
            "value": 20,
            "min": 20,
            "max": 20
        },
        "http_req_connecting": {
            "max": 1.032,
            "p(90)": 0.7189,
            "p(95)": 0.7640999999999999,
            "avg": 0.1630222222222222,
            "min": 0,
            "med": 0
        },
        "http_req_duration{expected_response:true}": {
            "avg": 12551.274344444446,
            "min": 7788.33,
            "med": 12721.085,
            "max": 16785.443,
            "p(90)": 16579.974599999998,
            "p(95)": 16634.5243
        },
        "iterations": {
            "count": 90,
            "rate": 1.30735620429056
        },
        "http_reqs": {
            "count": 90,
            "rate": 1.30735620429056
        },
        "http_req_blocked": {
            "min": 0.003,
            "med": 0.020999999999999998,
            "max": 1.78,
            "p(90)": 1.3026,
            "p(95)": 1.70465,
            "avg": 0.32288888888888884
        },
        "data_sent": {
            "count": 9990,
            "rate": 145.11653867625216
        },
        "iteration_duration": {
            "avg": 14553.443026844454,
            "min": 9793.548833,
            "med": 14722.5564795,
            "max": 18788.154042,
            "p(90)": 18586.745166700002,
            "p(95)": 18637.361162650002
        },
        "http_req_tls_handshaking": {
            "max": 0,
            "p(90)": 0,
            "p(95)": 0,
            "avg": 0,
            "min": 0,
            "med": 0
        },
        "http_req_receiving": {
            "p(90)": 63.14370000000002,
            "p(95)": 103.20034999999997,
            "avg": 39.50466666666668,
            "min": 12.943,
            "med": 31.052,
            "max": 142.375
        }
    }
}