{
    "metrics": {
        "http_reqs": {
            "count": 2360,
            "rate": 39.317513276574616
        },
        "http_req_blocked": {
            "med": 0.006,
            "max": 2.838,
            "p(90)": 0.014,
            "p(95)": 0.016,
            "avg": 0.02338559322033926,
            "min": 0.002
        },
        "http_req_sending": {
            "avg": 0.02637711864406794,
            "min": 0.005,
            "med": 0.016,
            "max": 1.475,
            "p(90)": 0.038,
            "p(95)": 0.056
        },
        "http_req_receiving": {
            "avg": 0.44294322033898303,
            "min": 0.017,
            "med": 0.215,
            "max": 18.991,
            "p(90)": 0.7341000000000001,
            "p(95)": 1.2751499999999996
        },
        "vus_max": {
            "value": 20,
            "min": 20,
            "max": 20
        },
        "data_sent": {
            "count": 193520,
            "rate": 3224.0360886791186
        },
        "data_received": {
            "count": 1463580,
            "rate": 24383.189017512323
        },
        "vus": {
            "value": 20,
            "min": 20,
            "max": 20
        },
        "http_req_failed": {
            "passes": 0,
            "fails": 2360,
            "value": 0
        },
        "http_req_duration": {
            "med": 7.3155,
            "max": 64.918,
            "p(90)": 12.548400000000004,
            "p(95)": 17.017049999999998,
            "avg": 8.104186440677976,
            "min": 0.548
        },
        "http_req_duration{expected_response:true}": {
            "min": 0.548,
            "med": 7.3155,
            "max": 64.918,
            "p(90)": 12.548400000000004,
            "p(95)": 17.017049999999998,
            "avg": 8.104186440677976
        },
        "iterations": {
            "count": 2360,
            "rate": 39.317513276574616
        },
        "http_req_tls_handshaking": {
            "avg": 0,
            "min": 0,
            "med": 0,
            "max": 0,
            "p(90)": 0,
            "p(95)": 0
        },
        "http_req_waiting": {
            "p(95)": 15.900549999999992,
            "avg": 7.6348661016949135,
            "min": 0.483,
            "med": 6.8515,
            "max": 64.877,
            "p(90)": 11.9905
        },
        "checks": {
            "passes": 2360,
            "fails": 0,
            "value": 1
        },
        "http_req_connecting": {
            "min": 0,
            "med": 0,
            "max": 1.166,
            "p(90)": 0,
            "p(95)": 0,
            "avg": 0.008935169491525423
        },
        "iteration_duration": {
            "p(90)": 513.1276964,
            "p(95)": 517.7497021,
            "avg": 508.6315124771186,
            "min": 500.696458,
            "med": 507.858771,
            "max": 565.612125
        }
    },
    "root_group": {
        "name": "",
        "path": "",
        "id": "d41d8cd98f00b204e9800998ecf8427e",
        "groups": {},
        "checks": {
                "status 200": {
                    "name": "status 200",
                    "path": "::status 200",
                    "id": "fad9fa412b86fcb03bee97c80dcd61f1",
                    "passes": 2360,
                    "fails": 0
                }
            }
    }
}