{
    "metrics": {
        "http_req_connecting": {
            "max": 0.753,
            "p(90)": 0.6666000000000001,
            "p(95)": 0.7042999999999999,
            "avg": 0.117,
            "min": 0,
            "med": 0
        },
        "http_req_waiting": {
            "avg": 9355.61944347826,
            "min": 4704.914,
            "med": 9846.798,
            "max": 11372.468,
            "p(90)": 10678.1134,
            "p(95)": 11009.0338
        },
        "data_received": {
            "count": 182238660,
            "rate": 2627221.62710608
        },
        "iteration_duration": {
            "med": 11877.896167,
            "max": 13425.416084,
            "p(90)": 12711.7514084,
            "p(95)": 13043.1822794,
            "avg": 11389.69803806957,
            "min": 6743.174708
        },
        "http_reqs": {
            "count": 115,
            "rate": 1.657883607776743
        },
        "http_req_tls_handshaking": {
            "avg": 0,
            "min": 0,
            "med": 0,
            "max": 0,
            "p(90)": 0,
            "p(95)": 0
        },
        "vus_max": {
            "max": 20,
            "value": 20,
            "min": 20
        },
        "http_req_sending": {
            "med": 0.027,
            "max": 0.806,
            "p(90)": 0.058800000000000005,
            "p(95)": 0.07589999999999998,
            "avg": 0.03934782608695649,
            "min": 0.009
        },
        "http_req_duration": {
            "max": 11423.725,
            "p(90)": 10709.3022,
            "p(95)": 11041.487899999998,
            "avg": 9387.885443478262,
            "min": 4739.75,
            "med": 9875.806
        },
        "http_req_blocked": {
            "max": 1.308,
            "p(90)": 1.0232,
            "p(95)": 1.1353999999999997,
            "avg": 0.19650434782608717,
            "min": 0.003,
            "med": 0.01
        },
        "data_sent": {
            "count": 12765,
            "rate": 184.02508046321844
        },
        "iterations": {
            "count": 115,
            "rate": 1.657883607776743
        },
        "vus": {
            "value": 5,
            "min": 5,
            "max": 20
        },
        "http_req_receiving": {
            "p(90)": 36.970800000000004,
            "p(95)": 51.64349999999998,
            "avg": 32.22665217391305,
            "min": 19.041,
            "med": 29.583,
            "max": 130.115
        },
        "http_req_duration{expected_response:true}": {
            "min": 4739.75,
            "med": 9875.806,
            "max": 11423.725,
            "p(90)": 10709.3022,
            "p(95)": 11041.487899999998,
            "avg": 9387.885443478262
        },
        "http_req_failed": {
            "passes": 0,
            "fails": 115,
            "value": 0
        }
    },
    "root_group": {
        "groups": {},
        "checks": {},
        "name": "",
        "path": "",
        "id": "d41d8cd98f00b204e9800998ecf8427e"
    }
}